plugin,installs
quest-helper,552819
117hd,380167
sailing,365537
tile-packs,349279
guardians-of-the-rift-helper,334559
tombs-of-amascut,301829
wikisync,298848
better-npc-highlight,286926
the-gauntlet,267857
zulrah-helper,264069
mahogany-homes,252833
tempoross,245034
easy-giantsfoundry,234595
party-panel,233293
banked-experience,232326
rogues-den,229597
mastering-mixology,228899
bank-tag-layouts,225759
port-tasks,223899
wilderness-player-alarm,221349
skills-tab-progress-bars,219996
hunter-rumours,219034
fight-cave-waves,217344
inventory-setups,215162
totem-fletching,200772
shortest-path,197866
equipment-inspector,195786
spawnpredictor,195464
barrows-door-highlighter,188029
radius-markers,185693
customizable-xp-drops,182712
varlamore-house-thieving,176995
wilderness-multi-lines,175706
visual-metronome,156906
hotkeyable-menu-swaps,156291
cox-additions,151192
kitten-tracker,148601
thrall-helper,142413
barracuda-trials-pathfinder,140758
loot-lookup,140633
tictac7x-charges,136147
chompy-hunter,133535
resource-packs,131481
ping-grapher,130493
ba-minigame,127892
osrs-tcg,127158
wasted-bank-space,126892
hunllef-helper,126454
easy-empty,123868
fortis-colosseum,119250
collection-log,116211
c-engineer-completed,115224
large-logout,114997
monster-hp-percentage,114538
crab-stun-timers,114074
better-teleport-menu,113022
tree-despawn-timer,112398
plank-sack,109570
cox-qol,109259
improved-tile-indicators,107321
tobqol,107148
kph-tracker,104252
crab-solver,103768
ess-pouch,102607
one-click-summer-garden,102312
attacktimer,101599
stealing-artefacts,100506
dt2-mistake-tracker,100247
maxhitplugin,99426
runeprofile,94863
star-calling-assist,94276
zom-con-qol,93091
demonic-larva-tracker,91391
zalcano,90125
gauntlet-minimap,87984
fight-cave-helper,87730
improved-tears-of-guthix-interface,85771
tictac7x-motherlode,85587
optimal-quest-guide,85362
elysiumevents-plugin,85219
detached-camera,85177
ba-call-highlight,84216
target-true-tile,81593
clue-scroll-juggling,80667
wom-utils,80204
projectile-override,79840
collection-log-luck,79662
annoyance-mute,79622
runedoku-helper,78767
one-tick-flick,78422
object-hider,77631
party-defence-tracker,76792
time-tracking-reminder,76635
easy-blastfurnace,76599
vardorvis-projectiles,73915
flipping-utilities,72959
herbi-afk,71169
razor-kebbit-tracking,70565
emote-clue-items,70103
menuhp,69877
looting-bag-value,69353
zom-leftclick-dropper,68670
slayer-assistant,68106
action-progress,68030
spirit-tree-map,67453
tictac7x-tithe,66606
dink,66184
raid-reloader,65797
loot-logger,65466
barrows-potential,65188
mastering-mixology-strategy,65116
visual-ticks,64787
watchdog,64536
shooting-stars-tracking,64276
nyloer,63876
pvp-performance-tracker,63606
pyramid-plunder-counter,63231
forestrycc,62496
gauntlet-chest-popup,61863
weapon-charges-2,61825
runewatch,61658
menu-swapper-extended,61628
door-kicker,61286
gemstone-crab-timer,60529
not-empty,60252
gauntlet-map,59611
treecount,59567
consumable-cooldowns,59423
guardians-of-the-rift-optimizer,59184
clue-steps,58949
tasks-tracker,58673
bank-memory,57491
fish-barrel,56989
cox-light-colors,55913
corner-tile-indicators,55778
player-outline,55110
odablock,53887
pickpocket-helper,53879
did-i-compost,53838
raid-data-tracker,53185
startierindicator,52816
delve-calculator,52520
camera-smoothing,52439
instant-inventory,52297
tzhaar-hp-tracker,52266
fashionscape,51127
vineyard-helper,49816
toa-puzzle-helper,49302
deepseatrawling,49060
wintertodt-notifications,48724
fishing-notifier,48693
bats-locator,48492
ticktracker,48072
damage-counter,47713
gnome-restaurant,47408
companion-pet,47121
tog-crowdsourcing,47016
3d-weather,46571
slayer-task-sorter,45800
bank-xp-value,45542
toa-points-tracker,45539
afk-countdown,45187
weapon-animation-replacer,44568
cox-special-loot-hider,44433
blackjack,43859
nexnostalgia,43831
supplies-tracker,43774
nylo-death-indicators,43306
easy-pharaoh-sceptre,43122
ring-of-recoil-notifier,43036
cox-scouter-external,42959
picture-in-picture,42701
bot-detector,42618
fixed-mode-hide-chat,42561
tob-light-colors,41942
toa-mistake-tracker,41884
trouble-brewing,41103
timers-ca,40836
high-alc-highlight,40160
bird-run-alert,40115
turael-skipping,40045
tob-mistake-tracker,39630
hd-minimap,39205
shayzien-organised-crime,39042
gauntlet,38890
clue-details,38663
gpu-experimental,38481
boat-upgrades,38181
raid-points-overlay,38091
spamfilter,37792
brimhaven-agility,36954
attack-ranges,36950
maggot-king,36624
herblorerecipes,36420
blindfold,35970
shortest-clue,35753
yama-utilities,34959
nexus-map,34849
lazy-farming,34831
tictac7x-sulliuscep,34293
one-tick-flick-metronome,34290
arceuus-timers,34133
afk-marks-canafis,34115
tombs-of-amascut-stats,33820
giant-foundry-item-values,33656
multi-lines,33646
tob-utilities,33478
cannon-highlighter,33399
boss-health-indicators,33168
cg-recolor,32761
line-markers,32725
ent-trimmer,32518
frozen-icon-me,32483
tictac7x-rooftops,32275
slayer-helper,32110
deathdotter,32079
dude-wheres-my-stuff,31914
watson-clue-tracker,31657
undying-retribution-timer,31642
max-hit-calculator,31524
advanced-mining,31395
gauntlet-performance-tracker,31303
gauntlet-calculator,30921
set-timer,30811
fishing-spot-tracker,30734
inferno-stats,30489
profit-tracker,29303
temple-osrs,28996
npc-id,28839
rumour-reminder,28832
prifddinas,28792
gotr-leech,28620
rogues-chest,28434
aerial-fishing,28414
autumngarden,28345
calculator,28320
konar-milestone-reminder,28185
sailing-reorderer,27790
monsterstats,27760
theatre-of-blood-stats,27339
line-of-sight,27139
collection-log-popup-enhanced,27074
volcanic-mine,26993
spring-garden,26988
nmz-optimal-points,26952
dry-rate-tracker,26751
death-charge-reminder,26741
tob-damage-counter,26686
fossil-island,26563
random-event-hider,26370
last-seen-online,26088
golem-crafting,25969
coal-bag,25912
birdhouse-overlay,25861
portrobertsthievinghelper,25787
lunar-chest-value,25711
zom-dense-essence,25224
runepouch-loadouts,25159
random-event-helper,25123
tombs-of-amascut-puzzle-helper,24985
multicolor-highlights,24972
discord-loot-logger,24960
path-marker,24775
underwateragility,24763
dropsounds,24432
inferno-wave-splits,24417
unpotted-reminder,24355
glamourer,24254
hallowed-sepulchre-helper,24055
effective-level,23949
better-godwars-overlay,23741
quick-prayer-preview,23726
mage-arena-2-memory,23715
zoom,23675
current-world,23465
key-remapping-plus,23317
pickpocket-guardian,23280
bank-cleaner,22928
pet-info,22892
nex-droprate-calculator,22890
no-examine,22762
decimal-prices,22664
bank-heatmap,22514
hot-cold-helper,22311
slayer-additions,22287
bank-screenshot,22274
cam-torum-mining,22179
corp-ffa07,22136
venom-timer,21889
group-ironmen-tracker,21858
emblem-trader-skull-timer,21840
forestry-spawn-helper,21837
ground-item-sounds,21835
wintertodt-scouter,21513
spec-regen-timer,21418
green-thumb,21344
mlm-upper-level-markers,21166
resizable-chat,21153
ultimate-nmz,20992
ca-timers,20958
discord-collection-logger,20853
zom-combat-level-muting,20598
better-discord-loot-logger,20309
tool-required,20303
player-highlighter,20075
tictac7x-daily,20061
virtual-level-ups,19986
discord-rare-drop-notificater,19930
riftguardian,19871
afk-timer,19853
loot-table,19804
wilderness-slayer,19707
loot-filters,19688
pest-control-points,19649
stronghold-of-security,19401
protect-item-notifier,19400
gp-per-hour,19373
ba-tiles,19359
tedious-collection-log,19329
npc-max-hit,19288
custom-object-hider,19231
dynamic-inventory-tags,19155
efficient-fletching,19135
blood-shard-notifier,19040
shooting-stars,18877
nightmare-timers,18874
clue-saver,18745
kebbit-sense,18715
afk-overlay,18681
configurable-slayer-task-overlay,18647
imbued-heart-notifier,18593
goat-pit-indicators,18585
bank-templates,18533
bank-equipment-stat-filter,18450
bank-value,18402
rainbow-rave,18366
unresponsive-cursor,18366
dps-calculator,18257
sound-swapper,18216
wintertodt-idle,18186
named-pets,18017
boat-hider,18006
empty-forestry-basket,17947
royal-titans-damage-tracker-plugin,17878
marks-of-grace-counter,17834
doom-of-mokhaiotl-colorblind-helper,17776
low-detail-raids,17751
discord-death-notifications,17304
no-player-use,17265
combat-achievements-tracker,17215
gpu-legacy,17207
tob-drop-chance,17050
discord-notifications,17047
dynamic-entity-hider,17023
compact-orbs,16864
visual-sounds,16641
boaty-hype-man,16486
fixed-resizable-hybrid,16410
instant-damage-calculator,16369
bank-value-tracker,16300
ground-loot-icons,16163
camera-points,16138
zom-nmz-util,16014
seaweed-spore-notifier,15997
pathfinder,15825
animation-transmog,15763
catvrat,15712
pickpocket-info,15702
tictac7x-balloon,15638
client-resizer,15556
turning-circles,15517
chatbox-opacity,15408
emoji-palette,15374
tob-qol-improvements,15343
wheresmyboat,15132
phoenix-necklace-jingle,15098
ultimate-vm,15087
master-farmer,15052
profiles-panel,14982
idle-alarm,14963
bank-organizer,14936
random-event-analytics,14917
prayer-regeneration-helper,14869
item-drop-sound,14856
phosaniqol,14784
impling-finder,14724
sote-wall-remover,14680
deathindicator,14562
visibilityenhancer,14514
npc-idle-timer-plugin,14467
xp-drop-extended,14309
wilderness-boss-peek,14298
mortimer-calculator,14227
tick-counter,14189
shattered-relics-fragment-presets,14089
health-notifications,14037
world-cycle,14025
bank-tab-organizer,14005
agility-pyramid-slider-block-timer,13979
cox-analytics,13920
costume-room-highlighter,13799
impling-saver,13752
zom-afk-gotr,13752
patch-payment,13635
true-tile-movement-animation,13548
npcleveloverlay,13184
custom-vital-bars,13167
global-f-keys,13161
animatedicons,13138
demonic-pacts-highlighter,13027
abexs-idle-notifier,12936
salvage-sack,12806
pneck-reminder,12768
charge-calc,12752
specimen-cleaning,12720
inventory-total,12659
bank-tag-generation,12651
soul-wars,12631
skilling-notifications,12606
milestone-levels,12546
spirit-tree-menu,12452
inferno-tracker,12385
spawn-marker,12316
hunllef-projectiles,12292
tick-manipulation-helper,12288
tob-hm-timer,12232
runite-rocks,12223
herb-farm-calculator,12198
probability-calculator,12104
clue-scroll-notifier,12071
monkey-metrics,11999
bank-tab-names,11959
more-status-bars,11951
tob-healthbars,11909
cox-scouting-qol,11879
hide-widgets,11820
osrs-wiki-crowdsourcing,11797
shattered-relic-xp,11787
barbarian-assault-pbs,11784
dance-party,11779
crop-circle-tracker,11775
toa-missing-pickaxe-indicator,11709
wintertodt-solo-helper,11632
lootbag-utilities,11597
first-person,11581
valuable-drop-recolor,11563
aerial-fishing-timers,11547
hallowed-sepulchre-tracker,11495
instant-idle-notify,11464
combat-logout-timer,11436
custom-item-tags,11433
normal-ancient-teleports,11327
rc-pouch-usage,11309
overhead-notifications,11305
boss-voicer,11273
lootlette,11215
lms-start-notifier,11169
tile-marker-metronome,11168
betteroverload,11100
shift-remapping,11015
time-to-level,10997
forestryents,10989
identificator,10983
yama-phase-reminder,10905
motherlode-profit-tracker,10873
gotr-autopilot,10847
soulreaper-axe-qol,10846
fullscreen,10822
herb-sack-price-check,10779
sea-charting-quest-helper,10745
custom-drop-sounds,10517
afk-crab-helper,10504
alch-blocker,10488
pet-spell-blocker,10486
sandstone-buckets-counter,10478
dry-streak,10451
farming-guild-overview,10445
log-adviser,10409
fishing-spot-timer,10373
itemrarity,10336
tears-of-guthix-reminder,10325
entrana,10309
potion-storage-bars,10202
defaulttab,10123
goading-helper,10112
dorgesh-kaan-lights,10102
leagues-animation-fix,10073
temple-tracker,10040
clan-chat-country-flags,9952
vm-stability-tracker,9897
aerial-fishing-pearl-luck,9869
prayer-overhead-text,9803
region-locker,9785
recommended-equipment,9573
rogue-silencer,9484
toggle-chat,9470
rsn-hider,9466
runecrafting-tracker,9463
collection-log-master,9449
mlm-despawn-timer,9305
butler,9165
poh-storage,9078
impolite-slayer,9073
emoji-madness,9038
lance-enhance,9028
dodgy-deals,9017
pleae,8992
pest-control-notifications,8983
partyreadycheck,8950
bounty-sailing-map,8907
bearycuda-trials,8895
slayer-wiki,8890
markofdarknesshelper,8873
spec-overlay,8853
life-saver,8817
tob-light-up,8799
raids-death-indicator,8771
interactable,8766
vengeance-tracker,8765
flipping-copilot,8699
red-clicks-only,8689
taskjingle,8684
xray,8590
zulrah-loot-locator,8557
vorkath-run-warning,8551
no-bad-alchs,8538
dryness-calculator,8487
maledictus-timer,8455
party-points,8428
drop-rates-clog,8420
recolored-herb-seeds,8405
metronome-infobox,8383
raidparty,8356
remaining-amethyst,8277
wilderness-map-locations,8276
prop-hunt,8274
brush-markers,8207
shade-chests,8197
bank-skill-sorting,8180
log-master,8150
food-coloring,8114
resting,8043
in-game-timer,8011
bronzeman-tcg,7971
boredgenerator,7970
great-guardian-hider,7945
chinbompa,7935
aqp-finder,7834
drop-rate-properties,7831
birdhouse-status,7796
godbook,7772
yama-reminder,7705
divine-skies,7698
stopmisclickingtiles,7698
darkwintertodt,7675
escape-crystal-notify,7670
compost-helper,7640
wilderness-teleports,7626
combo-runes-only,7611
scrollboxcounter,7599
steps-per-clue,7578
combat-level-calc,7533
home-enforcer,7510
afk-hellrat-behemoth,7497
osparty,7469
public-chat-and-npc-overhead-remover,7459
advanced-notifications,7435
group-iron-panel,7432
extended-hitsplats,7390
click-minimap-orbs,7389
chugging-barrel,7372
thrall-damage-counter,7359
world-recolor,7354
mini-bars,7338
loading-lines,7275
missed-clues,7249
more-fireworks,7240
easy-arceuus-runecrafting,7230
visual-bloodwood,7221
blast-furnace-trainer,7216
potion-storage-customizer,7198
calcified-rocks-despawn-timer,7185
duke-barrel-swap,7176
combat-information,7161
lizardman-shaman-minion-alert,7144
mokha-tracker,7124
hueyhelper,7114
toa-spellbook-reminder,7032
smart-metronome,6987
xp-meter,6982
unbalanced-trade-prevention,6976
simplifying-mixology,6974
iron-value,6952
prayer-markers,6903
rich-text-notes,6887
vanced-barrows,6862
histogram,6852
kill-clog,6813
chat-widgets,6785
distraction-reducer,6620
low-detail-chambers,6610
model-exporter,6585
crosshair-cursor,6572
tile-grid,6505
glory-counter,6504
chat-filter-updater,6501
fake-iron-icon,6474
not-enough-runes,6469
better-monster-examine,6460
rspaint,6452
rc-lap-tracker,6428
drift-net-improved,6395
equipment-screenshot,6383
ignore-list-ban-tracker,6375
baplus,6362
log-basket,6351
thrall-highlighter,6336
recently-banked-items,6324
inventory-summary,6319
video-recorder,6314
plugin-presets,6313
salvaging-afk-timer,6298
location-display,6272
nylo-stats,6265
dryness-tracker,6255
ge-filters,6254
abc-alch,6228
inventory-value-overlay,6169
droptracker,6162
puppy-tracker,6146
fairy-ring-favourites,6136
rapid-mounts,6130
kill-count-viewer,6097
more-bank-fillers,6090
camera-keys,6079
relative-tile-markers,6052
raids-dry-meter,6047
hdr,6040
bracelet-reminder,6039
party-health-status,6025
toa-modern,5995
avgseplaptime,5984
default-minimap-zoom,5979
contextual-cursor,5968
amulet-of-chemistry-alerter,5940
essence-running,5929
mystix,5852
emojiscape,5851
terrain-toggle,5851
clean-chat,5803
mouse-click-counter,5776
nex-split-tracker,5746
barracuda-trial-helm-lock,5730
tog-indicator,5706
dropdespawnnotifier,5687
wilderness-course-ticket-reminder,5668
boss-hp-reorder,5658
hydrate-reminder,5627
golems-dont-die,5624
discord-level-notifications,5620
rl-weather,5604
player-numeric-stats,5588
poisoned-npcs,5580
brewing,5576
advanced-raid-tracker,5574
combat-logger,5573
coffin-counter,5548
pvmtickcounter,5546
clan-chat-webhook,5541
compass-camera-control,5539
stopwatch-timer,5531
exchange-logger,5519
zmi,5507
toa-supplies,5504
slayer-tag-highlight,5475
max-skill-trim,5474
inferno-autosplitter,5466
remaining-casts,5454
loot-beams-deluxe,5448
immersive-ground-markers,5420
better-tile-exporter,5414
chatpanel,5404
essence-pouch-tracking,5404
transmog,5385
quest-food-guard,5376
roof-toggle,5359
afkspot-finder,5341
clue-hunter-finder,5316
doom-value-adjustment,5279
imadrum-money,5269
dont-eat-it,5243
game-tick-information,5231
ship-renamer,5224
object-name-markers,5220
quest-voiceover,5208
fuzzy-bank-search,5204
tob-notice-board,5184
death-party,5166
raidshamer,5149
event-scouting,5136
leaguessync,5126
tilemanmode,5113
goggles-reminder,5095
castle-war-afk,5071
tob-predicted-hit,5016
hpabovehead,5003
hide-prayer-descriptions,4995
custom-rsn-hider,4962
healer-tracker,4931
imbued-fart,4928
creators-kit,4924
inventory-count,4923
loot-case-opening,4866
ham-store-rooms,4859
toa-custom-presets,4854
twitch-live-loadout,4806
flipper,4783
inferno-scouter,4778
stack-value,4763
npc-accessibility-tagger,4755
tempoross-solo-tracker,4725
easy-unnote,4701
toa-gear-check,4672
poh-portal-labels,4624
world-hider,4609
dps-helper,4596
no-misclick-repot,4586
nievive,4577
godwars-protection-overlay,4559
heres-trouble,4518
screen-marker-groups,4512
chat-fade,4507
coxscavcalculator,4507
vengeance-helper,4507
tk-swamp-helper,4489
xp-goalz,4486
inner-zoom-limit,4477
fairy-ring-butterflies,4463
world-location,4462
ring-of-time,4449
doom-unique,4441
better-skill-tooltips,4434
rasta-hud,4409
ground-marker-profiles,4396
volcanic-mine-pre-reset-notifier,4383
tick-timestamp,4363
bank-value-overlay,4358
aggro-tag,4356
tts,4353
clue-teleport-helper,4337
trueclueareas,4328
tcg-locked,4326
last-recall,4315
blood-moon-rises-helper,4292
keybinds-overlay,4285
music-replacer,4238
temple-trekking,4231
grimy-animation,4199
mastering-mixology-extended,4158
subtle-agility-shortcuts,4149
wilderness-warnings,4147
collapsible-modern-chat,4135
skull-notifier,4134
prestige,4129
profit-calculator,4112
examine-tooltip,4092
clear-unsent-messages,4091
gim-plugin,4090
friend-finder,4085
cool-2h,4080
surge-potion-notifier,4038
chathighlightplayer,4029
slayer-simplified,4000
mastering-mixology-herb-values,3990
random-hopper,3949
bank-diff,3879
switching-trainer,3877
prayer-volume-control,3865
party-hotkeys,3861
spec-dialogue,3859
audiblelootnotification,3813
tray-indicators,3807
duck-duck-goose,3802
mahogany-homes-notifier,3796
better-item-identification,3794
clue-case-opening,3792
party-map-pin,3757
autocast-utilities,3750
examine-log,3744
bone-shard-helper,3740
chat-sounds,3730
goal-tracker,3709
warmth-alert,3698
clan-event-attendance,3677
animation-skipper,3671
demonic-leagues-task-checklist,3664
bank-architect,3660
finished-bounty-notify,3659
vardorvis-heal-tracker,3643
reword-manager,3638
trouver-parchment-alerts,3630
wiki-search-shortcuts,3628
ctc3,3620
taskman,3603
ultimate-stat-tracker,3582
green-screen,3577
custom-emoji,3575
tob-infoboxes,3570
image-bankai,3560
spellbook-presets,3558
magic-secateurs,3556
qol-interfaces,3498
prayer-loadouts,3491
nex-splits,3486
afk-threshold,3476
home-improvement,3465
gauntlet-crafting,3444
obelisk-reminder,3443
salve-amulet-checker,3442
altered-stats,3439
funnybossnames,3438
mahogany-homes-highlighter,3433
master-scroll-book,3413
orb-hider,3413
dialogue-assistant,3390
mlm-alternate-overlays,3385
attack-types,3381
map-waypoints,3380
nature-rune-chest,3376
another-bronzeman-mode,3367
ground-markers-with-labels,3367
flask-fervour-cooldown,3366
wyrmscraig-goat-hunting,3356
click-to-minimize,3340
superior-slayer-tracker,3337
day-night-brightness,3327
lazybones,3308
ba-role-randomizer,3303
lite-regen-meter,3299
disable-cancel,3296
chunk-tasks,3286
metrics-tracker,3276
slayer-boosting,3267
vitality,3243
stash-tracker,3234
trackscape-connector,3223
essence-pouch-health,3208
mouseover-text-disabler,3199
party-special-tracker,3169
linux-custom-cursor,3136
mta-goals,3136
valuable-drop-prices,3135
maple-xp-bar,3120
tray-notifications,3111
varlamore-distraction-tracker,3088
time-to-max,3081
white-knight-rank,3076
tob-notification,3068
castlewarsindicators,3067
bosskicker,3053
traducao-osrs-br,3050
dimmer,3043
temple-trek-bog-helper,3037
aerial-tick-colors,3021
bank-highlighter,3009
easylootsell,3004
monster-monitor,3004
pet-pathing-and-combat,2997
hover-highlight,2984
dmwatch,2980
raid-player-names,2963
trailblazer-audio-announcement,2960
chat-logger,2955
placeholders-warning,2954
resource-area-notifier,2953
ba-heal-codes,2951
chart-plotter,2949
stymphike-hunter,2942
cox-mega-scale,2938
specimen-cleaning-extended,2937
universal-discord-notifications,2935
thieving-stall-counter,2888
loot-broadcast-party,2875
gemstone-crab-alert,2867
daeyalt-essence-mine,2865
vale-totems-declutter,2850
bank-junk-identifier,2835
inventory-tiles,2833
worn-equip-viewer,2830
cm-auto-splitter,2822
clogged-me,2819
tob-gear-checker,2776
bank-locks,2775
dont-telegrab-npcs,2772
guild-spam-filter,2770
mining-special-effect-tracker,2765
friends-house,2758
tempoross-solo-helper,2750
soulflamehorn,2740
crabs-for-dummies,2737
xp-grapher,2734
task-checker,2727
wdr-banlist,2716
npc-overhead-dialogue,2712
b0aty-hcim-guide-v3,2709
snake,2709
special-attack-notifier,2696
shortest-grave,2664
area-sound-whitelist,2660
skull-prevention-reminder,2657
custom-ui-anchors,2653
friend-list-viewer,2649
area-mute,2647
hit-sounds,2626
loot-splitter,2626
pre-eoc-xp-drops,2624
miasma-tiles,2602
pvp-arena-points,2588
posiedien-leagues-planner,2587
log-basket-swapper,2584
force-recolor,2572
ground-item-organizer,2571
health-notifier,2554
looting-bag-tracker,2552
slayer-history,2548
casket-sounds,2531
better-resizable-chat,2525
discord-screenshot,2512
tictac7x-deposit-worn-items,2502
tick-fixer-for-mac,2500
on-screen-notes,2496
barbarian-fishing-timers,2483
gg-hammer-reminder,2483
hide-others-barrows,2477
flip-smart,2475
minimaphider,2473
level-up-quest-requirements,2460
lizardman-shaman-minion-spawn-sound,2460
vm-gasper,2450
sorted-bank,2449
osrs-player-count,2439
binding-necklace-reminder,2406
fcworldpopulations,2379
simple-kill-stats,2370
whos-gonna-poop,2369
menu-stones-hider,2345
amazeing-chest,2343
death-inventory,2335
shop-calculator,2333
shooting-stars-to-clipboard,2325
afk-movement-alerter,2322
gemtracker,2322
skills-organizer,2317
solo-ironman-strategist,2312
client-anti-drag,2306
jams-solo-tempoross,2305
chest-kicker,2304
jungle-japes-indicator,2304
world-map-runes,2302
scythe-crush-warning,2301
dynamic-line-of-sight,2299
poison-ring,2296
npc-dialog-log,2285
one-click-tiles,2284
discord-group-bank-notifications,2272
npc-contact-filter,2257
leechfin-fishing,2251
free-eats,2247
ka-ching,2247
1-5-woodcutting,2242
dekvall-bronzeman-mode,2233
sepulchre-low-detail,2228
storage-interactions,2209
antidrag-blacklist,2194
clan-member-list-sort,2187
nex-kc-helper,2170
stardust-per-hour,2164
wyrm-agility-afk-progress,2157
play-time,2147
skilling-boost-reminder,2139
offline-chat-icon,2133
life-saving-jewellery,2131
zeahrctracker,2126
auto-entity-hider,2121
efficient-skilling,2121
ore-highlighter,2120
combat-details,2108
slash-swapper,2100
tithe-farm-coach,2097
modified-left-click-dropper,2085
special-attack-timers,2082
tormented-demon-effects-hider,2081
discord-notifier,2078
splashing-helper,2078
input-recolor,2067
personal-space,2067
true-tile-player-indicators,2059
nightmare-fade-remover,2051
bank-value-changes,2050
delayed-healing,2033
blast-mine-dynamite-restriction,2022
venomed-npc-tracker,2021
boss-respawn-notifier,2020
teleport-logger,2012
intelligence-gathering,2010
noots-mixology,1999
zom-ignore-list-updater,1986
boaty-guide,1983
better-goldsmithing,1982
oef-sound,1976
translator,1972
two-step-zoom,1963
bloodwood-status,1954
trouble-brewing-highlighter,1950
unmovable,1947
party-pings-extended,1943
wow-style-nametags,1933
osrs-streamers,1927
resourcetracker,1925
what-pet-is-that-anyway,1923
slayer-loadout,1921
night-day-cycle,1913
advanced-hp-bar,1912
inferno-2d-map,1901
silence-crew,1900
unranked-kc-tracker,1896
world-heatmap,1894
brains-off-mixology-helper,1889
ship-combat,1881
birdhouse-run-notifier,1875
nex-utils,1872
sepulchre,1867
inventory-notifier,1858
shop-prices,1852
chop-chop-stop,1847
visual-timer,1842
ectofuntus-info,1838
mazchnaskipping,1835
f2p-star-assist,1834
object-marker-plus,1829
citizens,1826
account-chat-filter,1824
bank-helper,1821
inventory-interaction-highlight,1820
heal-indicators,1818
deep-delve-pacer,1817
jingle-jingle,1817
keyframecamera,1809
no-adviser,1806
npc-spawns,1806
fairy-ring-map,1804
item-stats-banking,1803
eclectic-tracker,1802
cannon-be-gone,1801
easyparty,1801
hide-chat,1798
task-tracker,1798
global-chat,1797
lamp-lockout,1794
bis-gear,1793
center-skill-icons,1789
adaptive-fps,1786
music-favourites,1776
true-tile-renderer,1776
book-of-the-dead-reminder,1774
item-retrieval-warning,1774
special-attack-infobox,1772
group-tilemanmode-addon,1770
party-status-bars-overlay,1768
chat-name-colors,1761
bruhsailor,1754
farming-contract-helper,1752
farming-patch-advisor,1747
vial-smasher,1747
lite-utilities,1737
auto-retaliate-warning,1729
fire-beats,1714
deprioritize-leave,1708
bone-luck,1707
cox-clipboard,1707
custom-xp-orbs,1701
push-notifications,1701
revenant-gear-checker,1701
hold-your-ground,1698
hide-spellbook-tooltip,1694
nex-sound-replacer,1690
time-played,1683
2dscape,1681
star-afk-timer,1670
date-overlay,1666
preventsgm,1666
boss-name-replacer,1662
gim-bank-discord,1656
total-selling-price,1654
gps,1646
osleague,1642
lucky-log,1636
osrs-prayer-helpper,1636
zeah-rc-helper,1636
pet-to-npc-transmog,1627
ping-check,1627
custom-item-hovers,1618
data-export,1617
guest-indicators,1607
lair-entry-alarm,1607
mage-animation-replacer,1606
alchemiser,1601
myipidlecrab,1593
purchase-progress,1581
player-status-highlight,1576
hcim-guide-plugin,1573
subtle-virtual-levels,1573
nature-runecraft-utilities,1566
orb-mover,1564
ruby-counter,1555
barrows-sarcophagus-memory,1551
owm-chat,1549
neverscapealone,1548
emotes,1546
cox-drink,1544
inf-colo-additions,1544
questpath,1541
tictac7x-storage,1539
left-click-only,1530
best-dps,1519
boss-buddy,1519
perilous-moons-splits,1518
hiscore-notifications,1501
pcrewards,1491
looting-bag-organizer,1488
removeupperfloorstob,1483
bingo-team-indicators,1481
hitsplat-tracker,1472
drop-log,1471
big-fish-probability,1468
level-celebrator,1466
casket-saver,1460
chat-translator,1457
all-skills-calculator,1456
pathmaker,1454
npc-animator,1451
bank-multisearch,1434
hide-ground-item-examine,1430
item-xp,1428
custom-hp-bar,1421
item-hunter,1421
specbar-utilities,1421
yama-swedish-voiceover,1421
displaynamedisguiser,1420
bronzeman-unleashed,1417
balloon-hider,1413
osrs-best-in-slot,1412
pk-tracker,1407
unregistered-hypercam-2,1406
naturalspeech,1401
clanmate-export,1397
raid-speed-run-tracker,1397
maniacal-hunter,1396
tile-overlay-indicators,1395
clan-activity-tracker,1393
prayer-drain-timer,1389
underwater-agility,1386
notification-messages,1382
ground-item-notification,1377
ba-healer-order,1376
acoldone-clogging,1373
house-advertisement-plus,1362
chatbox-scroll-to-zoom,1361
calculator-pro,1358
gauntlet-resource-map,1350
loadout-lab,1347
bone-running,1345
gotr-progress-bar,1343
logout-fix-resizable-modern,1343
systemclock,1335
agilityfc,1334
platz,1329
tree-runner,1326
collectionlogexpanded,1315
burner-alarm,1311
tp-animation-replacer,1305
expanded-bank,1304
zmi-helper,1303
black-chin-highlighter,1292
world-finder,1292
clan-chat-warnings,1290
audible-2ticking,1289
thrall-check,1282
overhead-prayers,1275
discordnotificationsaio,1267
dice,1263
salve-reminder,1258
ecumenical-key-tracker,1251
dorgeshkaan-agility-course,1249
debug,1247
random-screenshot,1245
bank-tag-folders,1243
grand-flip-out,1243
osrs-para-todos,1234
sprite-markers,1233
frost-hp-run,1228
cox-assistant,1224
prison-sentence,1221
revenant-ether-loot-tracker,1220
price-graph-opener,1213
combat-achievement-helper,1204
camdozaal-fishing-helper,1201
barrows-tunnels-kill-tracker,1199
snailman-mode,1199
captains-log,1198
dialogueoptionrebinder,1198
gecalc,1197
league-chat-broadcasts,1196
slayer-best-in-bank,1189
hunter-rumour-history,1187
motivation-plugin,1184
quick-wiki,1183
guns-gains,1179
poison-moo,1178
group-storage-reminder,1172
quetzal-whistle-charges,1165
shades-of-morton,1164
boost-performance,1156
custom-death-sound,1153
visual-npc-dialogue,1153
ca-export,1152
prayer-icons-overlay,1150
invocation-screenshot,1147
better-slayer,1140
nex-leech-utility,1140
health-status-overlays,1135
osrs-tcg-exchange,1133
six-hour-reminder,1133
forestry-tracker,1130
total-cost,1130
cargo-value,1113
improved-fragment-ui,1113
keepassxc,1108
music-track-display,1107
inventory-highlighter,1103
click-confirm,1099
soulflame-range,1096
pk-loot-splitter,1093
drop-party-chest,1089
friend-live-locations,1089
jekyll-herb-reminder,1089
ping-worlds,1086
lingering-click-tooltips,1085
npctaunts,1084
pm-highlight,1074
daily-impling-jars,1072
zoom-keybinding,1072
forestry-banking-helper,1068
tick-beats-metronome,1068
zebak-roar-chat,1068
fake-stats,1066
afk-alert,1061
clan-fight-performance-tracker,1056
damage-history,1056
fallen-tree-sound,1053
self-healing-notifications,1052
multi-metronome,1051
toa-invocation-display,1051
statussocket,1047
music-cape-helper,1046
pet-the-capybara,1042
sound-alerts,1040
trailblazer-clues,1031
escape-crystal,1025
loot-lister,1025
poh-treasure-chest-ge-value,1025
zom-moleman-mode,1023
osrs-archipelago,1019
ring-of-forging-helper,1019
cooking-chance-tooltip,1015
entity-masker,1014
chat-transcripts,1006
particles,1005
ground-item-icons,1004
hopper,1003
zero-remover,1001
pvmhud,998
loot-console-logger,997
homeassistant,992
lockedchunkoverlay,991
item-processing-warner,986
jebscape,985
potion-quantity-labels,984
bone-mining-notifier,983
mobs-locator,982
f2pwiki,981
zom-keris-cam,981
double-click-deposit-worn-items,978
friends-exporter,978
cannon-damage,974
highlight-stackable-items,974
time-zone-clocks,972
8ball-plugin,969
splitter,969
notification-panel,963
playercircles,963
zom-bank-note-plugin,952
ore-ratios,951
chance-man,948
slayer-loot,947
xp-to-level-notification,945
bingo-event-automated,944
waypointer,944
collection-tracker,941
fire-timer,941
clickertraining,939
quest-splits,935
ive-got-wood,932
remastered-xp-globes,932
teleport-zoom,931
wellness-notifications,931
drop-rate-display,930
matching-lootbeams,930
rogue-chests-fc,930
dead-traps,928
tunnel-vision,913
xp-drop-notify,911
inventory-restore-values,910
apm,904
cry-alchemy,903
attack-sound-notifications,902
charged-ring-reminder,896
pvm-tools,882
voicescape,882
polywoof,881
party-play,880
blert,879
inferno-splits-logger,879
drop-history,878
trawling-plus,877
collapse-chat,873
gimptracker,873
nameplates,873
bank-resizer,869
player-pronouns,867
meepspeak,864
item-filler,863
overheads-reworked,858
npc-timer,857
system-tray-inventory-count,857
close-bank,856
discord-chat-logger,854
library-autopilot,850
invalid-movement,849
unidentified-herbs,846
fire-timer-plus,840
advanced-gear-search,839
mlm-qol,834
uwuscape,832
fire-at-will-timer,828
imbued-heart-ache,828
bingo-team-icons,826
collection-log-commands,823
afc-tools,820
moon-overlay,819
npc-health-text,819
raid-spell-checker,817
chunkblazer,815
real-loot-key-value,814
camera-fun,813
unskulled-notifier,813
clan-kdr,812
hitsplat-customizer,811
qsr-auto-splitter,811
bank-assistant,808
wine-of-zamorak-helper,808
marty-walkup,803
clue-juggler,802
leechfin-hero,802
movable-orbs,802
zeahmess,801
high-alch-price-checker,799
world-map-player-indicator,798
entity-render-distance,795
untrimmed-slayer-cape-helper,795
polygon-limiter,794
firemaking,793
partial-sets,789
skillingloottracker,789
combat-xp-tracker,788
monster-hider,788
goat-hunting,787
osrskillboard,787
card-exchange-highscores,784
easy-tasks,784
handegg-discord-webhook,783
party-heartbeat,783
repeated-sound-canceler,779
step-counter,778
jar-generator,776
wilderness-agility-course-tracker,772
item-reminders,771
expanded-bank-tags-viewer,770
death-counter,767
prayer-time-infobox,766
tictac7x-camera-pitch-limiter,765
party-emotes,761
modern-chat,757
pvp-leaderboard,752
ironpath,749
menu-highlighting,748
meme-effects,746
ring-of-recoil-helper,742
unmutedjingles,740
hallowfell-helper,734
missing-pet-notifier,733
xtreme-tasker,731
loot-table-viewer,727
star-lore,725
ferox-restore-alert,717
crab-scouter,715
deaths-coffer-advisor,715
zom-active-prices-trade,715
toaghost-plugin,712
afk-dimmer,711
composted-soil,711
prayer-or-restore,709
brain-off-aerial-fishing,705
better-object-hider,703
do-not-kick,702
07flip,701
special-attack-orb-hider,701
rs3-voiceovers,697
crate-limiter,696
group-ironman,683
current-spellbook,680
sextant-locator,678
zmi-rune-tracker,678
chat-overlay,676
gauntlet-history,676
playtime,676
local-consciousness,675
wiki-lookup-plugin,674
canvas,671
dizana-alert,670
affirmations,669
pet-mounts,669
item-requirements,668
recently-killed-highlight,668
blast-mine-improved,666
rl-local-time,665
bankstanding,664
slayer-task-speed,657
withes-bronzemanmode,651
character-export,650
side-button-camera,650
scouting-stats,649
toa-invocations,649
looting-bag-viewer,648
f2p-highlight,646
tick-dance-aim-trainer,645
copy-clan-usernames,642
untrimmed-warning,642
boss-health-bar-additions,638
gauntlet-guard,632
snow-tracker,632
collection-log-progress,631
crabman-group-bronzeman-plugin,628
thrall-damage-tracker,628
gemsack,627
gnomechildify,626
puppy-finder,626
weight-calculator,625
sleepwalker-stakeout,624
gearforge,620
immersive-dialogue,620
drop-simulator,617
spell-timers,615
inventory-cost-tracker,613
worldhop-counter,613
enhanced-chat-notifications,612
town-criers-cries,612
goalplanner,611
dorgesh-kaan-chests,610
privatemessagefade,609
amulet-of-bounty-alerter,608
better-renderer,604
bank-item-value,603
tostky-tracker,603
smithing-misclick-prevention,602
friend-groups,599
herbpatch-overlay,599
npc-kill-counter,598
runelingual,597
grimy-herblore-levels,595
combat-roll,593
alch-assistant,591
pm-colors,591
log-hunter-suggestions,585
player-indicators-plus,585
ectoplasmator-reminder,581
google-form-submitter,580
tick-replay-logger,578
afk-sandstone,574
herb-run-planner,574
varlamorethieving,574
obelisk-protection,572
nex-loot-tracker,568
trade-tracker,568
cheapest-food,567
item-sources,566
overhead-alarm,566
pvp-arena,566
superglass-planner,566
cursor-clarity,563
droppy,563
echo-resource-tracker,563
qolting,563
gamesense,562
sgs-savings-tracker,562
tutor-timer,560
compass-directions,559
tithe-farm-tooltip,557
energy-info,553
99-notifier,551
menu-colorizer,548
bank-watcher,547
warriors-guild-dummy-helper,546
regex-bank-search,544
chroma-tick,541
damage-taken-logger,539
nm-autosplitter,539
stymphike-afk-timer,537
loot-ledger,535
hide-warned-attack,534
surge-potion-timer,534
cosmetic-cannon,532
accidental-teleport-blocker,529
simple-mining-notifier,528
transparant-prayers,524
always-hear-drops,520
dialogue-fonts,520
daily-xp-tracker,519
slayer-bank-tab,517
native-mac-notifications,516
gotr-rune-tracker,513
take-me-there,512
valiance-clan,511
wecorpcc,511
you-missed-that-one,509
hiscores-tracker,506
overhead-overload,506
fairy-ring-organizer,505
item-lookup,505
loot-hud,505
attack-sound,504
boss-levels,500
mute-all,498
team-kindling-tracker,496
analogue-timestamps,493
foodutils,493
colossal-wyrm-agility,492
door-banger,492
tick-fishing-helper,492
osrs-wealth-tracker-by-ge-hound,491
chat-item-pricer-and-tooltips,489
runelogger,489
http-server,488
panel-scroller,485
pet-examine,481
loot-notifier,480
vmrecolor,478
npc-nickname-tagger,477
deadman-helper,476
blast-mine-tracker,474
elemental-weakness-checker,470
camdozaal-vault-helper,469
chat-success-rates,469
petreminder,467
parkour,466
bingoscape-companion,463
gear-upgrade,463
collection-log-shout,462
corp-boosting-qol,462
market-watcher,462
raid-damage-tracker,462
banked-bis,457
healthbar-indicators,457
maxhitalert,457
diagonal-tile-indicators,452
pet-growth-tracker,452
party-potion-tracker,451
item-counter,449
bankpricechanges,446
rs3-music,444
name-change-detector,443
always-on-hp-bars,442
deathbank-utility,441
alch-hero,440
mad-dwarf,440
idle-box,439
lucky-clan-bingo,438
ironscape-optimal,434
quest-requirement-tracker,434
ardougne-cooldown-timer,433
camera-locks,432
hammer-bonk,432
purple-box,432
ge-companion,431
antifire-checker,430
tobdeathsound,430
one-click-goutweed,429
toa-pot-sound,429
prestige-mode,428
slayer-alternatives,428
boss-pb-timer,426
harbourmaster,426
fun-reminders,425
limpwurt-login,425
coffee-lover,424
clan-list-exporter,423
map-decorator,422
route-planner,422
monkey-business,421
regear,421
slayer-streak,421
wildy-agility,421
empty-loot-tracker,420
foodie-plugin,418
kills-to-level,418
old-control-run,418
stray-dog-hider,418
stockpile,417
verzik-camera-fix,416
ground-marker-variables,415
placeholder-prices,414
puzzle-hunt,414
overhead-mute,413
pvp-profit-tracker,412
rebind-camera-rotation,412
skilling-toolkit,407
better-pings,406
cosmetics,404
bosshpbaradjustments,403
nekos,402
no-misclick-veng,402
dense-runestone-notifier,401
betterbingo,400
cursor-tick-ring,400
betterspellbook,397
afk-stats-tracker,396
squeaky-toy,394
osrs-profit-tracker,392
daily-agility,391
compass-quadrants,390
preemptive-strike,390
loglocked,389
trawling-tracker,389
cursor-trail,388
sawmill-basket-helper,388
bank-slot-sync,387
better-notes,384
sacredoil,384
classes-of-gielinor,382
bank-tweaks,379
barracuda-ghost-ship,379
phillip-hue-integration,379
venator-path-finder,379
prayer-sound-swapper,378
toa-keris-reminder,377
farming-profit,376
next-star,376
zmi-overlays,376
mortys-ledger,375
bloodwood-hero,372
legacy-escape,372
quick-search,372
runecost,372
tictac7x-capslock,372
unsiredtracker,372
bis-loadouts,371
username-screenshot,371
crew-moo,370
ospulse,370
player-interpolation,370
iron-loot-filter,369
ba-wave-info,367
uim-utilities,367
inventory-insights,366
item-respawn-timer,366
cbow-animation-stall,365
faux-bingo,365
lower-chat-box,365
poison-dynamite,364
empty-hands-indicator,363
inventory-tags-plus,362
osrsloottracker,362
abyss-rift-rune-highlighter,360
exact-stacks,360
better-clan-broadcasts,359
better-drift-net,358
crafting-guild-bank-helper,358
cballxprate,357
no-run-hotkey,357
npc-collection-log,357
chat-xl,356
focus-mute,354
idle-familiar,354
efficient-mortimer,353
camdozaal,352
gauntlet-recorder,352
onlyree,352
combat-locked,348
no-stalactites,348
party-tob-xp-drops,348
hidden-drop-party,346
level-3-clues,346
forsen-lines,345
hunllef-expected-value,345
save-replay-buffer-for-obs,345
guide-overlay,344
wildy-agility-loot-tracker,344
retro-npc-swapper,343
enemy-attack-highlighter,342
custom-game-tabs,341
disable-walk-here,341
gemstallhelper,341
veges-pk-guide,341
womclanplugin,341
reval-clan,339
lowercase-usernames,338
sea-chart-navigator,338
zealgains,336
wow-hud,335
bank-poh-search,334
flipping-masterminds,333
item-link,332
bonk-messages,327
block-tracker,325
collection-log-hider,324
karambwan-afk-helper,324
limeytileman,323
interaction-cue,322
npc-dialogue,322
zeah-blood-rune-tracker,322
inferno-blob-audio,319
extended-bank-search,317
personalcurrencytracker,317
vampyrium-rockslide,317
deadman-breach-timer,316
grape-expectations,316
remove-chat-options,316
rta-true-tick,316
translation-plugin,316
chasmsigils,313
tile-marker-symbols,313
ca-chunk,312
clan-management,312
quicksplitcalc,312
to-the-top,312
gim-hub,311
rseye-connector,311
session-tracker,311
gim-bank-ex,310
looting-bag-stored-xp,309
improved-context-menu,308
deckscape,307
injury-animations,305
npc-labels,305
valuable-drop-sound,303
venomator-bow,303
happy-jewelry,302
hide-ground-items,302
shift-drop-block,302
boat-speed,301
visual-bank-tags,301
spec-jingle,300
account-value-overlay,299
enchanted-symbol-protector,299
osrs-item-browser,299
average-total-level,298
crime-scene,298
live-on-clan,298
questcapehelper,298
shop-block,298
6hour-logout-timer,297
infernalfc,297
profit-loss-calculator,295
restore-tranquility-statues,295
loot-tracker-extended,294
no-steven,294
discord-recruitment-notifier,292
arceuus-spellbook-reminder,291
damage-sounds,290
bh-pages,289
dry-streak-tracker,289
ground-item-colour-groups,289
follow-cam,288
group-gz,288
remove-chatbox-separator,285
skilling-cost-calculator,285
stations-cozy-boats,284
adventurers-log,279
inventory-click-highlighter,279
mixology-order-guard,279
clan-tracker,275
plugin-stats,275
soulflame-horn,275
volume-control,275
exchange-insights,274
osrs-tracker,273
ranged-guild-minigame,273
player-npc-replacer,272
clock-blocker,271
letterbox,271
sailing-shopper,271
trackpadcamera,271
smoke-devil-effects-hider,270
minimalist,268
playerexamine,268
custom-settings-easter-eggs,267
slayer-task-loot,267
ge-offer-timer,266
music-mask,265
overheal-save,265
loot-origin,264
wiki-gear-setups,264
membership-alert,261
data-exporter,260
infinite-money-bag-tracker,260
basqh,259
tob-bank-wall-fix,258
ccclogspamhider,257
folders-for-bank-tags,257
hq-item-icons,257
responsive-tooltips,257
world-highligher,257
osrs-mining-stats,256
armour-trimmer,255
full-inv,255
slayeraio,255
cannon-dimmer,253
chat-space-blocker,253
group-ironman-tracker,250
moonlight-antelope-hunting,250
no-trolls-in-raids,249
yama-shoebop,249
auto-split-manager,248
bank-black-list,247
npc-heatmap,247
sun-keris-enhancer,247
proximity-tags,246
sm-event,245
bank-viewer,244
digital-compass,243
scroll-behavior,243
contrast,241
daily-task-extensions,241
paint-overlays,241
prevent-minimap-reset,241
better-boss-health-bar,240
better-notifications,239
osrs-tracker-nopaywall,238
the-birdhouse,238
vetion-pipe-alert,236
ban-list,235
rune-loot,235
rune-hero,234
seedbox,234
bank-gear-slots,233
cardcore-party,233
weapon-charges,233
load-time,232
mute-magic-trees,232
bank-sorter,230
f2p-join-warnings,230
overall-tob-timer,229
required-materials,229
prayer-metronome,228
farm-run-notifier,227
adaptive-prayer-slots,226
aerial-fishing-tracker,225
keybind-tile-highlight,225
merch-lens,225
sound-alerts-expanded,225
unique-npc-kc-tracker,225
disable-prayer-right-click,224
slayer-codex,224
visual-tick-cursor,223
warriors-guild-catapult-helper,223
bank-value-history,221
lowest-xp-order,221
hide-chat-buttons,220
arealoot,219
global-consciousness,218
minimap-zoom-controls,218
snakeman-mode,217
eventsapi,216
nex-static-calculator,216
alone-man-mode,214
better-party-defence,214
tickcursor,214
cape-counter,211
mazeracebingo,211
420-kc,210
challenge-mode-indicator,210
follow-plus,210
big-pets,209
movement-range,209
thumbs-up,208
offer-at-price,207
smithing-tracker,207
stations-inspect-details,207
bank-stack-values,206
petscape,206
pokescape-pvm,205
slayer-setup-prompt,204
staffruneoverlay,204
fishing-counter-ultimate,202
gustav-helper,202
newer-style-hitsplats,202
large-models,201
healing-sounds,200
blue-prox-chat,199
flux,199
recipe-tracker,199
slayer-block-lists,199
clan-feed,198
cough-syrup,198
voiced-dialogue,198
group-attendance-tracker,197
time-served,197
skill-lock,196
smart-key-remapping,196
gif-login-osrs,195
irc,195
rainbow-inventory-tags,195
death-count,194
will-it-land,194
arceeus-cd-timer,193
crab-trapping-helper,193
tag-ur-it,193
banker,192
dropfinder,192
rune-messages,190
show-friends-on-login,190
spacebar-checker,188
transcriber,188
dopamine-simulator,187
protect-item-alarm,187
valuable-drops-party,187
ge-tax-helper,186
local-data-exporter,186
pb-tracker-sync,185
event-teams,183
modern-mmo-pm,183
npc-dialogue-replacer,183
odablock-dmm-finale,183
travel-guide,183
reward-shop-planner,182
skiller-guard,181
bank-mode-text,180
hot-stacks,180
tob-recruitment-helper,180
wikitagbankhighlighter,180
boss-helper-bank-sync,179
pet-the-alpaca,179
chat-scroll-lock,178
inspect,178
bingosrs,176
npc-tracker,176
penguin-crushers,176
action-logger,175
high-alch-tooltip,175
runesocial,175
ehp-tracker,174
ba-world-scouter,173
bank-stonks,173
hero-hud,173
blood-shard-notifier-plus,172
clue-step-timer,172
volcanic-skiller,172
ge-utilities,171
the-anchor-cc,170
unachievements,170
break-reminder,169
colourblind-chat,169
dynamic-treads,169
seca-tears,169
transmute-hider,169
kitchen-running,168
nex-swedish-voiceover,168
project-xeric,168
proximityscape-discord,168
bitwarden-plugin,167
inventory-setups-picker,167
rooftop-camera-planner,165
better-bank-search,163
drop-enhancer,163
osrs-claude,163
combatstyleicons,161
phonk-walk,161
item-info-copier,160
set-effect-display,160
boss-fight-log,159
gauntlet-blocker,159
spec-sound-replacer,159
trappy-chinchompa,159
collection-log-roulette,158
freyjas-flora,158
ticksync-music,158
clan-event-list,157
lucky-penny,157
air-tiaras-runecraft,156
anti-oops,156
minion-info,156
cargo-hold-alert,155
character-stats,155
csvexport,155
loot-finder,155
touch-bar,155
captains-ledger,154
elonhusk,154
player-tile,154
dog-hider,153
maxing-tracker,153
combat-vitals,152
inoculation-bracelet-notifier,152
access-denied,151
dailypvmtracker,151
lookout,151
osrscn,151
post-200m-xp-tracker,151
rancour-pvm,151
rapid-holster,151
arachnophobiamode,150
lobster-pot,150
spell-helper,150
clansocket,149
data-logger,149
morghttpclient,149
music-tracker,149
skilling-outfit-tracker,149
stat-seer,149
vitals-outline,149
mlm-activity-timer,148
one-shot,148
pronunciation-helper,148
sanity-saver,148
item-id,147
emote-favorites,146
equipment-lock,146
music-visualizer,146
reverb,146
streaks,146
combo-tags,145
item-interactions,145
ring-menu,145
extra-wiki-links,144
limit-keeper,144
pre-ge,144
pvm-score,144
combat-insight,143
slayerdex,143
chrono,142
clogman-mode,142
account-data-exporter,141
motivation,141
zom-zigzag,141
better-loot-notifier,140
chat-tab-hotkeys,140
clan-rank-up-notifier,140
persistent-bank,140
tickflow,140
pickle-chicken,138
price-paid,138
webweaver-swap,137
esp32-tracker,136
interactive-chat,136
numbergoup,136
overhead-names,136
scapegpt,136
green-log-reorder,135
hotkey-toggle-sidepanels,135
progression-tracker,135
xp-display,135
farming-contract-bank-seed,134
material-checklist,134
rune-kite-streak,133
hunter-teaser,132
ironman-quest-prep,132
lively-cities,132
favorite-friends,131
lost-property-diary-tiers,131
nmz-regen-alert,131
photoscape,131
harrisun-mystic-ui,130
equipment-restrictor,129
bank-settings,127
brimstone-and-elven-chest-tracker,127
clean-visuals,127
group-item-tracker,127
shell-songs,127
slayer-cape-reminder,127
teleport-me,127
drop-lists,126
instant-replay,126
silly-specs,126
zero-xp-drops,126
dps-loadout-lab,125
runeccg,125
skatescape,125
worldtitle,125
xp-relic-sound,125
chanceman-tracker-runelite-sync,124
flinch,124
inventory-scrabble,124
low-hp-alarm,124
quest-state-exporter,124
simple-afk-timer,124
friend-aliases,123
presence-checker,123
sound-triggers,123
spec-notifications,123
away-status,121
resources-no-more,121
aim-trainer,120
cooking-buddy,120
clan-roster-helper-plugin,119
mugics-game-message-overhaul,119
tab-keybind-display,118
wilderness-loadouts,118
skill-tracker,117
item-locker,116
method-observer,116
tan-leather-cast-tracker,115
region-chat,114
gridmaster-shark,113
menaphite-remedy-reminders,113
stations-creature-collector,113
broadcaster,112
inventory-banked-counter,112
clog-companion,111
bingo-with-dink-notifications,110
custom-text-highlighter,110
splash-helper,110
tile-collector,110
bingo-team-helper,109
ge-trade-tracker,109
lootbag,109
twitch-chat-side-panel,109
cast-calc,108
no-0s,108
cc-watcher,106
koivel,106
death-message,105
drop-trainer,105
limited-walk,105
mouse-button-drop,105
stations-cozy-clutter,105
bank-count-tooltips,104
current-zone,104
polybar-integration,104
sailing-skill,104
slayer-scape-target,104
afk-hider,103
enchant-tracker,103
health-threshold-indicators,103
wheel-of-fate,103
detailed-boss-drop-rates,102
lulinha,102
pianoqueen-music,102
bis-osrs-quest-exporter,101
healthy-stray-varrock-dogs,101
emotes-remapping,100
friendly-guide,100
examine-plus,98
face-swap,98
pvm-performance-tracker,98
wiz-smart-lights,98
0-xp-drops,97
anvil,97
herb-harvest-guard,97
toggle-buttons,97
cox-storage-planner,96
learner-tob,96
poh-cosmetic-transmogs,96
tob-health-bars-enhanced,96
weight-overlay,96
pet-palette,95
womsynctriggerscript,95
darklighting,94
pot-stash,94
clue-delayed-gratification,93
pandemic-scape,93
ruthless-clan,93
divine-dialogue,92
generic-autosplitter,92
infobox-inventory-count,92
sound-tracker,92
mugics-activity-generator,91
onepassword-plugin,91
wildy-tele-check,91
chat-replacement,90
food-decolouring,90
jumpscare,90
osrsprofile,90
rune-deck,90
xarpus-exhumed-counter,90
cm-storage-presets,89
osrsge-tracker,89
overheads-scale-and-color,89
safe-level-ups,89
choice-man,88
questhelperplugin,88
slayer-drop-prioritizer,88
flip-it,87
follower-buddy,87
runeshare,87
bank-tag-loot,86
skilling-special-attack,86
bolt-enchant-tracker,85
embargo-clan-plugin,85
pvp-hud,85
sidebar-favorites,85
spoon-tracker,85
stop-misclicking-orbs,85
green-combat-achievements,84
improved-chat,84
yippeebluetears,84
equipment-check,83
lfghelper,83
spoon-meter,83
toa-invocation-renamer,83
upper-case-transformer,83
arc-vitals,82
collection-log-exporter,82
emote-wheel,82
inventory-item-counter,82
inventory-retexture,82
montys-max-hit-calculator,82
racecar,82
blowpipe-calculator,81
ground-focus-items,81
trade-highlighter,81
ironkin-clan-plugin,80
tile-layers,80
combat-level-calculator,79
hide-and-seek-tracker,79
item-option-hider,79
kill-clips,79
ranger-boots-dryness,79
total-total-level,79
sail-painter,78
shinigami-eyes,78
trip-tracker,78
dvd-bounce,77
easy-bagging,77
gieligotchi,77
guilt-tripper,77
tekton-reset-tracker,77
clanwars-countdown,76
equipment-enforcer,76
gielinor-explored,76
proximity-chat,76
skillstabprogressbarsplugin,76
slayer-task-time-tracker,76
barrows-pet,75
better-item-examine,75
instance-party-pings,75
restricted-ca-tracker,75
rs-flipper,75
stations-afk-button,75
trip-eta,75
cacheviewer,74
discord-chatbox-broadcaster,74
last-prayer-highlight,74
varrock-bank-ruby-rings,74
discord-boss-kc-json-uploader,73
fire-tileman,73
sailing-bad,73
thenwefight,73
boss-kd-tracker,72
botw,72
catastrophic-events,72
misclickers-clan-bingo,72
parentsguild,72
personalized-friend-sounds,72
rune-calculator,72
rune-count,72
alimorrisanevalues,71
slayerplus,71
streamerbot,71
thieving-stalls-loot-tracker,71
light-misthalin-on-fire,70
mikematrix-osrs,70
specific-object-hider,70
banktaglayoutsplugin,69
better-dashboard,69
eventtools-attendance,69
glassman,69
hitsplat-sounds,69
no-fadeout,69
osrs-assistant,69
wrong-prayer-warning,69
clanfinder,68
csv-lifetime-drop-ledger,68
fightcavewavesplugin,68
life-tracker,68
pocketge-flip-tracker,68
slay-queen,68
barrows-with-benefits,67
clanhq,67
old-school-snitch,67
poll-screenshot,67
tcg-exporter,67
barrowsdoorhighlighter,66
mouse-tab-switcher,66
progressscape,66
scavenger,66
schboop,66
shop-restock-alert,66
skill-data-exporter,66
slayer-task-logger,66
wine-to-99,66
bank-highlight-search,65
dmm-fake-protection,65
guardiansoftherifthelperplugin,65
haggle-helper,65
superior-size,65
wealth-evaluator,65
collection-selection,64
fire-max-cape-removal,64
gimimprove,64
scapepath,64
sith-clan-plugin,64
clan-rank-helper,63
newgameplus,63
rapid-companions,63
aerial-cue,62
clogger,62
dialogue-extractor,62
ge-uncut,62
rivalry,62
temporossplugin,62
autotags,61
baminigameplugin,61
grouping-customizer,61
multi-tagger,61
osrs-chatlogger,61
dog-speak,60
double-max,60
furry-nyloer,60
groupstoragetracker,60
lennys-custom-clues,60
morrog-speak,60
bank-tab-storage,59
boomerangbandits,59
gnomeball,59
gymlocked-tracker,59
improvedtearsinterfaceplugin,59
raid-randomizer,59
session-scribe,59
wikisyncplugin,59
easyemptyplugin,58
hotkeyablemenuswapsplugin,58
raids-last,58
bankers-note-helper,57
boss-kill-milestones,57
gim-tasks,57
pricecheck-flipping,57
random-world-hopper,57
waypoint-sync,57
xp-counter-hider,57
art-of-war,56
irons-grotto,56
osrsbuddy,56
watchcat,56
bingo-discord-logger,55
greenthumbplugin,55
hcim-progression-companion,55
kick-history,55
nohintarrow,55
slayer-clog-check,55
swarmer,55
fate-locked-ironman,54
granite-tracker,54
no-new-items,54
osrs-in-french,54
annoyancemuteplugin,53
goblin-scape-clan-plugin,53
goldwithdrawamount,53
influxdb-stats,53
item-share,53
nightlegion,53
remove-potion-storage,53
rs-bingo,53
shield-timers,53
wheelbound,53
bank-stats,52
clan-turf,52
dutch-mayhem-clan-plugin,52
gloopylite,52
mahoganyhomesplugin,52
nylo-progress-bar,52
raidmates,52
region-lock-enforcer,52
skill-rank-tooltip,52
stat-track,52
voice-scape-new,52
boosted-icon,51
calcusource-xp-updater,51
clickoutput,51
roguesdenplugin,51
world-examine,51
copy-player-name,50
dpsthresholdalerts,50
elysiumattendance-plugin,50
friendtabs,50
osrs-trade-tracker,50
runie,50
3d-recorder,49
pet-battles,49
spotify-controller,49
burthorpesellcalc,48
chat-regex-filter,48
contextual-log-basket,48
friendsmap,48
ge-favorites,48
infobox-highlighter,48
spell-info,48
wildernesslinesplugin,48
ba-metronome,47
bingo-helper,47
chompyhunterplugin,47
player-compass,47
poh-teleport-counter,47
word-of-the-day,47
choice-man-helper,46
helm-assist,46
manual-state-tracker,46
play-time-tracker,46
quick-tiles,46
simple-vitals,46
thegauntletplugin,46
tombsofamascutplugin,46
account-history,45
esspouchplugin,45
mathscape-calculator,45
osrs-events,45
timetrackingreminderplugin,45
altar-of-net,44
arceuuscc,44
booms-epic-sounds,44
chargesimprovedplugin,44
scaleup,44
snowplow,44
the-other-half,44
thrallhelperplugin,44
actual-afk,43
choicer,43
lendingtracker,43
lucky-penny-unfiltered,43
npc-health-regen-timer,43
save-evil-creatures,43
simple-destination,43
bestiary,42
caroadmap,42
chess,42
pageless-things,42
ravens-watch-plugin,42
smoke-scape-hub,42
tsg-hub,42
better-brush-markers,41
clockwork,41
image-vasto-lorde,41
ironclad-clan-goals,41
land-surveyor,41
osrs-ge-advisor,41
all-in-slayer,40
chat-streamer,40
next-step,40
penance-runner-eat-animation,40
prayer-reminder,40
relicscape,40
ring-break-sound,40
skill-bank-organizer,40
skill-bubbles,40
bank-clickbox-highlighter,39
camera-restore,39
kills-left,39
loot-bank-highlighter,39
planksackplugin,39
portal-nexus-teleport-hider,39
runediary,39
timezone-hud,39
whospoonedit,39
afterdark-pvm-loot-tracker,38
bank-portfolio-tracker,38
fbclan-plugin,38
flip-finder-sync,38
massiefgoud,38
my-bis-finder,38
purple-sweet-tracker,38
world-splitter,38
kittenplugin,37
loot-bank-filter,37
max-cape-nice,37
offhand-ghost,37
posture-check,37
scaper,37
aio-bingo,36
bank-friction-analyser,36
daily-ca-picker,36
entourage,36
ge-flipper,36
grimy-herb-stopwatch,36
npc-attacker-count,36
runewatch-sa,36
signpost,36
tagkeeper,36
what-could-have-been,36
coxthievingplugin,35
dash,35
rune-cafe-cashflow,35
scapecloud,35
shared-implings,35
skedpojkar,35
teleport-blocker,35
agility-rooftop-notifications,34
combat-achievement-lookup,34
group-ironmen-tracker-ingame-companion,34
ha-exporter,34
hitsplat-styles,34
vibesteps-progress-tracker,34
afk-companion,33
alert-bad-offers,33
awesomeclan,33
ba-gamble-tracker,33
coxvanguardsplugin,33
dorgeshkaanagilityhelper,33
fairy-ring-atlas,33
no-misclicks-in-bank,33
osrs-fliphub,33
bryophyta-staff-helper,32
cengineercompletedplugin,32
osrs-game-session-tracker,32
partychat,32
slayer-prep-check,32
tcg-session-overlay,32
wacky-sire,32
adventure-planner,31
coxtimersplugin,31
dutch-nations-events,31
modernclickthrough,31
prayer-overhead,31
rune-tags,31
star-sprites,31
stations-cozy-carts,31
trailsocial,31
zero-hitsplats,31
99-studying,30
camera-scenes,30
combatglance,30
ironman-path-sync,30
misclick-guard,30
ntfyer,30
recipe-checklist,30
skwid-games,30
specatator-oculus,30
stream-chat,30
surge-timer,30
whos-grinding-panel,30
world-grid,30
ba-pre-click-to-move,29
ge-full-prices,29
gielinor-compass,29
hunterrumoursplugin,29
immersive-sound-notifications,29
load-out-helper,29
tyrs-guard-clan,29
buffbar-hider,28
ranking-system,28
tablet-portals,28
activity-counter,27
aioeventlog,27
bank-coffer-scanner,27
clan-chat-logger,27
clan-tenure-ranks,27
coinflow,27
currentworldplugin,27
firemaking-log-guard,27
gim-shed,27
path-timer,27
play-time-limit,27
real-trade-values,27
slotless,27
spirit-tree-makeover,27
who-can-craft,27
champions-log,26
chatboxescapeblocker,26
item-descriptions,26
maxhitcalcplugin,26
osrs-copilot,26
quantscapers,26
rune-versus,26
runetrader-ge-sync,26
spec-regen-completed,26
spyglass,26
swing-rainbow,26
visualmetronomeplugin,26
67-alert,25
clog-hunter-exporter,25
discord-loot-plugin,25
discord-loot-streamer,25
gim-visualiser,25
huntmaster,25
party-trails,25
solo-army-bingo,25
ai-pvp-coach,24
ban-list-export,24
bank-tab-shortcuts,24
chat-spellcheck,24
crabstunplugin,24
dancepartyplugin,24
decimalprices,24
meteor-reporter,24
runenergyplugin,24
telegram-notifier,24
xp-drop-logger,24
areadarkener,23
bankless-bank,23
bh-lava-dimmer,23
flip-exporter,23
gielinor-safari,23
item-wishlist,23
myipaccessibilityplus,23
playtime-logger,23
ralos-marker,23
runeshopvalue,23
tictac7xchargesimprovedplugin,23
tilelite,23
dinkplugin,22
genie,22
item-notes,22
largelogoutplugin,22
lightbearer-helper,22
osrs-dashboard,22
razorkebbitplugin,22
tilepacksplugin,22
bank-bridge,21
bluelog,21
cox-bank-viewer,21
friend-world-activity,21
gex,21
osrs-journal,21
runekit,21
sailingplugin,21
snakeskin-bandana-filter,21
ttsplugin,21
deathindicatorplugin,20
nice-damage,20
overhead-additions,20
pigeon,20
runeassist-flipping,20
runejourney,20
sidebar-manager,20
am-i-there-yet,19
betternpchighlightplugin,19
big-goblins,19
celebrity-mode,19
clan-chat-censor,19
httpeventserver,19
no-ge-inventory-blink,19
printing-gp-bingo,19
questcape,19
runeai,19
runepulse,19
uncharged-jewellery-reminder,19
bink-block,18
clue-combat-helper,18
consumablecooldownsplugin,18
custom-update-timer,18
easygiantsfoundryplugin,18
elywatch,18
ge-restrictor,18
gim-discord-tracker,18
gnomerestaurantplugin,18
group-event-notifications,18
group-tcg,18
knight-finder,18
llamaclub-cc-plugin,18
nail-beast-sfx,18
runescape-coach,18
shop-highlighter,18
tangle-crew-plugin,18
clan-companion,17
custom-stat-layout,17
gear-composer,17
runeaudit,17
session-movement-tracker,17
slayer-item-reminders,17
sound-override,17
spawnpredictorplugin,17
equipmentinspectorplugin,16
fitzgerald,16
items-to-text,16
noots-rank-ladder,16
osrs-loadout,16
pvpperformancetrackerplugin,16
radiusmarkerplugin,16
semantic-bank-search,16
slayer-prep-assistant,16
tob-chest-roulette,16
ultimate-normie-mode,16
varlamorehousethievingplugin,16
zero-deaths,16
amrour-trimmer,15
auto-leuy,15
death-clips,15
distractionreducerplugin,15
gimventory-setups,15
nh-input-tweaks,15
ophidia-venom-sounds,15
p1770,15
resourceman-mode,15
shortestpathplugin,15
bank-groups,14
burn-log,14
hide-scrying-orb,14
skiller-safeground,14
attacktimermetronomeplugin,13
aura-tracker,13
buddies,13
clan-piano-midi,13
clan-recruitment,13
conqolplugin,13
flati-boss-tracker,13
gear-flash,13
groupironmentrackerplugin,13
masteringmixologyplugin,13
osrs-bingo,13
reldo,13
set-see,13
slayer-task-odds,13
spectralclanmgmt,13
spiderhider,13
actionprogressplugin,12
chatclip,12
cor-clan,12
customizablexpdropsplugin,12
fake-skills,12
glass-combat-logger,12
gok-irl-xp,12
irons-pub-bingo,12
kills-to,12
menuhpplugin,12
morestatusbarsplugin,12
osrs-logger,12
runealytics,12
totemfletchingplugin,12
auto-minimap-zoom-hotkey,11
awaiting-global-msgs,11
clan-bank,11
didicompostplugin,11
direct-messages,11
gielinor-travels,11
gilded-spade-sync,11
mirror-tabs,11
mouseover-options,11
potion-boosts,11
spirittreemapplugin,11
tcgg,11
thelerune-updater,11
timeline,11
account-almanac,10
beep-deep,10
cabbage-counter,10
capstone-clan-bingo,10
clan-applicants-webhook,10
craft-cost-comparator,10
exchange-insights-capture,10
fossil-island-mahogany-timers,10
friendsandclanviewerplugin,10
frozeniconplugin,10
item-id-overlay,10
linemarkerplugin,10
nouseplayerplugin,10
osrs-conquest,10
partypanelplugin,10
swampscape-tracker,10
terpinheimercc,10
tribalmode-plugin,10
bankedexperienceplugin,9
ca-roulette-export,9
coffer,9
everykill,9
extended-ignore-list,9
just-puggin-around,9
kphplugin,9
osrs-ledger,9
osrs-toolkit-panel,9
pb-exporter,9
porttasksplugin,9
quoth,9
ranked-duels,9
rapid-animation,9
roster,9
stack-tooltips,9
wildernessplayeralarmplugin,9
0gp-race,8
afk-recap,8
bankstand,8
clan-halls-plugin,8
color-locked,8
confirm-spellbook,8
expose-bank-state,8
farming-discord-status,8
fashionscapeplugin,8
fixedhidechatplugin,8
gielinor-deeds,8
hit-stats,8
hover-lag,8
inventorysetupsplugin,8
leadman,8
loot-inside,8
oracle,8
party-link,8
runechronicle,8
slayerassistantplugin,8
tile-racer,8
treedespawntimer,8
womutilsplugin,8
attackrangesplugin,7
clanchatwebhookplugin,7
deathdotterplugin,7
defencetrackerplugin,7
discord-chat,7
duelscape-tcg,7
hcim-safety-check,7
iron-path,7
item-stats-filter,7
itemrarityplugin,7
kick-chat-side-panel,7
map-autotype,7
monsterhpplugin,7
objecthiderplugin,7
packcheck,7
position-exporter,7
rapid-pets,7
rapid-warning,7
runecards,7
runeradar,7
settlement,7
slayertasksorterplugin,7
togglechatplugin,7
wise-old-claude,7
alchblockerplugin,6
bronzeman-pvp-tcg,6
burning-woman,6
chrono-continued,6
coxspecialloothiderplugin,6
crabsolverplugin,6
dudewheresmystuffplugin,6
elite-exiles-companion,6
five-active,6
flipx,6
lootloggerplugin,6
npc-morph,6
player-stats-sync,6
temporossr,6
toolrequiredplugin,6
varrock-stray-cats,6
attempt-tracker,5
bank-scanner-utility,5
barcrawl,5
chatwidgetplugin,5
collectionlogluckplugin,5
combat-lab,5
death-cost-tracker,5
death-sound-alerts-for-raids,5
defaulttabplugin,5
demon-slayer,5
details,5
discord-loot-boxer,5
evi-live,5
flipping-rs,5
gmc-flip-tracker,5
lootlookupplugin,5
menu-bar-attention,5
mxeaez-shop,5
nico-chat,5
one-man-sync,5
pet-training,5
pinggraphplugin,5
qol-and-camera-info,5
rune-connect,5
scapestack-sync,5
shrimp-lock,5
sleeping-bag,5
slowscape,5
starcallingassistplugin,5
stealingartefactsplugin,5
supply-depot,5
tick-clock,5
visualsoundsplugin,5
auto-chat-suppression,4
bankxpvalueplugin,4
ca-hider,4
competitive-clan-plugin,4
dfs-timer-and-attack-protection,4
facette-companion,4
flipforge,4
gachaman,4
gauntletlootplugin,4
ge-offer-webhook,4
group-slot-locked,4
npc-permadeath,4
npcidletimerplugin,4
npclevelplugin,4
osrs-bank-sync,4
osrs-events-companion,4
osrs-flipper-sync,4
osrs-tracker-bridge,4
pathscape-sync,4
plugin-hotkeys,4
prevent-tp-at-mortimer,4
runeglass,4
runeprofileplugin,4
triglav-clan,4
wcrontrol,4
zulrahhelperplugin,4
arcane-ward,3
bad-world-warning,3
bank-ledger-uploader,3
barrows-brothers-randomizer,3
character-snapshot,3
clan-chat-to-discord-streamer,3
coxadditionsplugin,3
extinction-man,3
fortiscolosseumplugin,3
ge-trends-portfolio,3
gielinor-guide,3
gielinor-profile-sync,3
gnome-agility-trainer,3
heatmapplugin,3
ironwise,3
notenoughrunesplugin,3
npc-attack-tick-timer,3
oldschooldb-connector,3
osrs-bridge,3
osrsflipper-telemetry,3
rshub,3
runebound,3
runewatchplugin,3
seed-priority,3
simple-plugin,3
sixth-degree,3
slayer-swaps,3
targettruetileplugin,3
veritas,3
versatile-logger,3
wildernessmaplocationsplugin,3
agamemnon-companion,2
alch-ledger,2
barrows-crypt-kill-tracker,2
bingo-luck-sync,2
clankickprotector,2
claude-sidebar,2
demoniclarvatrackerplugin,2
drop-it,2
equipalertplugin,2
escapecrystalnotifyplugin,2
flip-goblin,2
ge-bridge,2
ge-iq-sync,2
gp-helper,2
gridscape,2
local-flip-assistant,2
lootfiltersplugin,2
mercenary-pvm,2
oathfall,2
odablockplugin,2
onlyflips,2
osrs-algo-ge-log,2
pictureinpictureplugin,2
planker-runelite-plugin,2
randomeventhelperplugin,2
rune-vault,2
runemargin-sync,2
taskstrackerplugin,2
the-goblin-ledger,2
togcrowdsourcingplugin,2
translatorplugin,2
where-was-i,2
a,1
aoe-warnings,1
autoclicker,1
b4tx8klm,1
bingo-brazil-chat,1
bossing-info,1
bronzeman-mode,1
c7wm3qkp,1
chunktasksplugin,1
cluescrolljugglingplugin,1
colo-prayer-helper,1
corp-helper,1
cox-helper,1
customachievementannouncer,1
drop-party-tracker,1
dt2-boss-utilities,1
effective-levels,1
epic-constructor,1
epic-zulrah,1
esimerkki,1
etherscape-ai-bot,1
exodus-bingo,1
f-key-trainer,1
flip-tracker,1
generic-plugin,1
gielinor-cartography,1
gimplugin,1
gpperhourplugin,1
grotesque-guardians-helper,1
groundlooticonsplugin,1
group-mode-addon,1
h6kx4pl,1
herblorerecipesplugin,1
histogramplugin,1
honk,1
inferno-colo-tracker,1
inferno-helper,1
ironman-helper,1
j8gr4bnx,1
kotori-ported-plugins,1
last-prayer,1
leftclick-blackjack,1
live-right-now,1
locationtracker,1
loot-flexer,1
lowprayernotifplugin,1
m3rrk7v,1
marty-entrance-plugin,1
max-hit,1
mode,1
npc-markers,1
npc-voiceover,1
osrs-lifetime-sync,1
osrs-toolkit-sync,1
osrsai-action-executor,1
p1hl8nr,1
packscape,1
pathmarkerplugin,1
per-npc-highlight,1
prayer-flicker,1
quest-items,1
recoilplugin,1
rlplugins-manager,1
runelite-state-bridge,1
runetrivia,1
schrift,1
shark-chopper,1
spec-bar-utilities,1
specialattacknotifierplugin,1
t5ts1nq,1
toa-corruptor-mistake-tracker,1
toa-corruptor-modern,1
toa-corruptor-points-tracker,1
toa-corruptor-puzzle-helper,1
toa-solo,1
toa-team,1
tob-helper,1
tommytoolkit,1
trippy-mode,1
turningcircleplugin,1
vorkath-helper,1
w2ns9xq,1
wildernessteleportsplugin,1
worldcountplugin,1
xpnotifyplugin,1
zero-counter,1
zq7mnk2p,1
