date,plugin,installs
2026-09-27,bank-portfolio-tracker,9
2026-09-28,bank-portfolio-tracker,11
2026-09-29,bank-portfolio-tracker,15
2026-09-30,bank-portfolio-tracker,22
2026-10-01,bank-portfolio-tracker,28
2026-10-02,bank-portfolio-tracker,32
2026-10-03,bank-portfolio-tracker,35
2026-10-04,bank-portfolio-tracker,34
2026-10-05,bank-portfolio-tracker,33
2026-10-06,bank-portfolio-tracker,38
2026-10-07,bank-portfolio-tracker,41
2026-10-08,bank-portfolio-tracker,41
2026-10-09,bank-portfolio-tracker,47
2026-10-09,chat-hover-info,7
2026-10-10,bank-portfolio-tracker,54
2026-10-10,chat-hover-info,17
